label,metaGroupId,groupId,goodPeakCount,medMz,medRt,maxQuality,note,compound,compoundId,expectedRtDiff,ppmDiff,parent,20190822_neg_blank_targetedMS2_post04,20190822_neg_blank_targetedMS2_post05,20190822_neg_blank_targetedMS2_post06,20190822_neg_blank_targetedMS2_pre01,20190822_neg_blank_targetedMS2_pre02,20190822_neg_blank_targetedMS2_pre03,20190822_neg_no_cell_rep2_targetedMS2_a,20190822_neg_no_cell_rep2_targetedMS2_b,20190822_neg_no_cell_rep3_targetedMS2_a,20190822_neg_endo_m_rep2_targetedMS2_a,20190822_neg_no_cell_rep3_targetedMS2_b,20190822_neg_endo_m_rep2_targetedMS2_b,20190822_neg_endo_m_rep3_targetedMS2_a,20190822_neg_endo_m_rep3_targetedMS2_b,20190822_neg_endo_tb40e_rep2_targetedMS2_a,20190822_neg_endo_tb40e_rep2_targetedMS2_b,20190822_neg_endo_tb40e_rep3_targetedMS2_a,20190822_neg_endo_tb40e_rep3_targetedMS2_b
,0,1,7,338.933,1.124017,0.8496946,,1,1,0,0,338.933,4615.494,5363.331,5578.346,3479.811,4933.989,2120.648,807.1174,1657.167,4894.648,7866.933,2075.704,5966.387,10716.86,6214.179,34200.11,16580.7,29391.02,9177.79
,0,2,7,379.9273,1.122344,0.8517141,,2,2,0,0,379.9273,0,0,0,0,0,415.4284,0,0,0,18808.34,0,20211.73,43770.54,31562.73,59719.83,46400.18,52012.48,49807.72
,0,3,2,398.9,1.120744,0.841608,,3,3,0,0,398.9,1531.05,3215.528,2522.628,3150.177,2644.221,2220.489,0,1161.231,2363.597,7221.742,0,5211.291,19626.17,7206.734,36610.46,10150.96,21708.35,11084.01
,0,4,6,381.9242,1.13977,0.8507562,,4,4,0,0,381.9242,1040.245,0,0,0,0,1055.266,0,0,0,13630.88,0,11145.02,16040.58,14673.05,23729.44,24982.69,57931.93,25191.83
,0,5,7,320.9225,1.128559,0.8492157,,5,5,0,0,320.9225,2445.036,2819.76,5187.192,8467.706,5652.381,4980.607,655.2938,866.5086,0,5847.204,4186.661,5939.942,8119.42,7706.86,26536.78,15083.24,28935.17,16816.4
,0,6,4,276.0616,1.135988,0.8505667,,6,6,0,0,276.0616,0,0,0,0,0,0,0,0,0,7806.862,0,9017.805,2519.259,1639.965,56078.59,32124.5,39737.48,43889.28
,0,7,1,292.9455,1.13045,0.8006895,,7,7,0,0,292.9455,690.5734,1673.012,868.3132,971.9667,989.7593,718.7925,0,2353.846,3156.528,3828.876,1214.504,2702.492,2091.818,1632.398,19829.86,3972.041,4959.393,0
,0,8,18,200.9891,1.1542,0.8510093,,8,8,0,0,200.9891,28115.88,27139.46,23798.31,13772.02,23088.99,29455.24,6555.804,23317.31,40239.4,40474.63,38603.88,49080.94,76704.18,50029.29,126350.8,49761.59,94430.19,51492.14
,0,9,3,246.9942,1.160281,0.8415909,,9,9,0,0,246.9942,1556.129,2078.077,1042.081,0,983.7621,1491.418,0,2976.949,6444.84,1737.506,1959.084,3352.49,2991.109,3003.554,4199.74,7276.655,7035.003,2481.679
,0,10,13,306.9612,1.145641,0.8468854,,10,10,0,0,306.9612,6080.487,5758.772,7339.049,1625.334,6905.308,4080.439,0,499.5028,3189.927,8691.851,3467.856,6446.435,8953.55,9770.773,33125.8,11031.38,19513.2,14788.13
,0,11,18,229.0203,1.165294,0.8510716,,11,11,0,0,229.0203,27400.06,27620.46,28841.54,18337.73,24785.93,29196.61,5653.664,20083.89,36233.7,38560.82,60818.71,55996.61,83984.87,71307.29,184359.7,78931.98,145445.3,86147.05
,0,12,12,261.0098,1.173888,0.8468012,,12,12,0,0,261.0098,5341.783,4162.778,7290.326,0,1777.465,3913.563,0,3983.463,3667.901,6353.357,8753.641,10849.75,14945.83,8104.583,24544.22,14722.43,20441.5,11271.7
,0,13,6,219.1055,1.188433,0.8485259,,13,13,0,0,219.1055,0,476.2992,0,405.9378,543.3736,0,413.1173,307.7697,545.6122,11508.36,637.8487,13158.22,1492.721,2097.734,29976.43,32179.29,32208.08,32723.6
,0,14,17,303.0023,1.170289,0.8503645,,14,14,0,0,303.0023,16995.94,20190.01,18770.91,24447.25,21247.48,20928.94,5280.973,8993.099,8378.146,11212.98,23983.26,13678,38128.44,75229.96,70257.03,45928.8,122100.4,111239
,0,15,11,317.1405,1.199006,0.8527036,,15,15,0,0,317.1405,762.1636,1711.983,950.228,530.3715,2835.548,2374.091,3619.256,5406.911,6777.25,3005.356,4574.34,3930.359,7096.29,4945.092,45733.4,26312.65,235719.8,98587.6
,0,16,4,331.1562,1.210029,0.8528098,,16,16,0,0,331.1562,309.1355,0,0,0,0,299.7996,690.3936,490.3503,1199.067,2824.464,954.0493,2174.563,1426.094,1294.269,27882.21,19602.68,209665.8,68544.73
,0,17,14,265.0364,1.198911,0.8519087,,17,17,0,0,265.0364,15217.67,21290,22783.92,6140.701,27027.83,26528.35,21215.87,37114.38,56513.68,59914.78,29393.59,35638.77,52207.61,68560.84,60425.23,43977.77,87559.8,46138.13
,0,18,18,293.0674,1.21085,0.8534058,,18,18,0,0,293.0674,20378.25,19593.25,20187.71,5426.428,21390.01,16540.41,10544.75,25406.29,38470.19,38157,60296.52,58226.29,104944.5,100309.4,91323.76,67631.91,116790.1,73323.55
,0,19,5,202.1083,1.199133,0.8377436,,19,19,0,0,202.1083,336.4377,360.614,486.203,442.677,307.5182,350.6106,207.2251,924.1899,3124.715,1475.62,377.9553,3162.468,8248.166,11196.91,21984.44,18632.01,14616.99,24664.33
,0,20,7,277.1085,1.244856,0.8395468,,20,20,0,0,277.1085,934.1689,1351.911,1589.141,598.0379,1218.935,3034.794,7287.066,3578.762,7442.707,7977.53,9957.648,4849.657,15549.69,14923.74,27281.69,16744.18,18985.15,8550.905
,0,21,15,309.1706,1.589072,0.846087,,21,21,0,0,309.1706,4992.953,3619.702,3370.889,4531.543,2615.578,3560.026,27034.55,20771.36,43456.01,19770.37,46873.35,14500.11,20927.37,27570.75,16160.18,15830.34,28001.6,37621.36
,0,22,6,453.2811,4.458146,0.8519788,,22,22,0,0,453.2811,0,0,0,0,0,0,341.1958,371.2933,554.4819,15196.13,0,13598.34,25916.83,17969.12,135976.8,82639.25,88763.38,60414.64
,0,23,9,452.2776,4.458367,0.8549753,,23,23,0,0,452.2776,0,0,0,0,0,0,4799.245,1128.651,5244.517,64810.14,729.7193,69456.4,130102.9,89134.54,578453.1,340747.8,374275.5,240681.4
,0,24,8,618.342,4.610212,0.8522369,,24,24,0,0,618.342,0,0,0,0,0,0,0,0,0,6236.16,0,7538.703,85863.62,167448.2,4275.011,27149.35,17555.22,17354.28
,0,25,6,466.3307,5.291837,0.8508886,,25,25,0,0,466.3307,0,0,0,0,0,0,0,0,0,4463.047,0,4994.03,22429.01,17876.01,61926.33,39524.23,104566.9,60741.93
,0,26,8,552.3661,4.962413,0.8506655,,26,26,0,0,552.3661,0,0,0,0,0,0,0,0,0,12957.09,0,11878.49,114802.7,96625.78,11844.46,12183.52,53851.09,33149.68
,0,27,6,580.3619,5.4912,0.8486152,,27,27,0,0,580.3619,0,0,0,0,0,0,0,0,0,2069.291,0,2138.097,27026.53,24284.03,18266.54,12817.7,48162.52,42490.68
,0,28,7,716.4603,5.7307,0.8488666,,28,28,0,0,716.4603,0,0,0,0,0,0,0,0,0,4401.724,0,3824.637,3670.153,2695.089,22376.89,20179.12,47416.84,28678.83
,0,29,6,691.4572,5.937963,0.8504722,,29,29,0,0,691.4572,0,0,0,0,0,0,0,0,0,2227.386,0,3719.05,39284.11,22351.53,142598.1,98497.32,39125.75,22165.31
,0,30,8,1150.694,5.72035,0.8501808,,30,30,0,0,1150.694,0,0,0,0,0,0,0,0,0,15583.88,0,16469.71,38977.36,30030.95,85243.41,44538.04,23694.82,14070.2
,0,31,7,218.7938,5.759517,0.8492715,,31,31,0,0,218.7938,0,0,0,0,0,0,5916.503,9792.486,10631.47,4284.831,9656.812,890.2742,8839.08,4170.951,15154.72,3680.281,21981.27,12274.93
,0,32,8,717.4723,5.83735,0.8531044,,32,32,0,0,717.4723,0,0,0,0,0,0,0,0,0,62613.37,0,60131.52,78741.41,46640.66,204203.9,150852.4,430598.2,318242.5
,0,33,4,779.4736,5.857844,0.8511168,,33,33,0,0,779.4736,0,0,0,0,0,0,0,0,929.4899,5323.024,0,4313.073,5189.198,1954.616,162349.9,115499.3,87700.27,67681.14
,0,34,8,806.4921,5.948475,0.8511971,,34,34,0,0,806.4921,0,0,0,0,0,0,0,0,0,25652.4,0,22208.34,22238.57,13297.75,135617.4,106714,98807.7,92847.65
,0,35,6,691.4571,5.937963,0.8504722,,35,35,0,0,691.4571,0,0,0,0,0,0,0,0,0,2227.386,0,2807.132,39284.11,22351.53,142598.1,98497.32,39125.75,22165.31
,0,36,8,805.4888,5.936389,0.8521334,,36,36,0,0,805.4888,0,0,0,0,0,0,946.7502,0,0,47501.96,0,50896.68,54487.79,35852.91,279502.4,209528.2,200809.1,173492.9
,0,37,15,716.5247,7.3462,0.851158,,37,37,0,0,716.5247,4164.193,3574.078,981.7844,3402.681,2045.351,0,159640.5,16334.68,273816.8,1.04E+07,22679.77,1.17E+07,7479136,6543616,2.97E+07,1.95E+07,1.80E+07,1.39E+07
,0,38,2,787.4761,6.240133,0.8218167,,38,38,0,0,787.4761,0,0,0,0,0,0,0,0,0,0,0,0,2317.832,2280.478,101434.9,53499.99,3830.762,8398.034
,0,39,9,719.488,6.229016,0.8538057,,39,39,0,0,719.488,0,0,663.7172,0,0,0,6636.125,0,2178.668,65827.01,536.6539,54316.19,227351.5,141959,3065869,1532999,557192.6,396089.7
,0,40,2,721.4934,6.246483,0.7978603,,40,40,0,0,721.4934,0,0,0,0,0,0,0,0,0,11745.19,0,8635.206,24257.37,2587.758,440834.5,207587.4,0,0
,0,41,4,754.5275,6.013657,0.8495262,,41,41,0,0,754.5275,0,0,0,0,0,0,0,0,0,0,0,2688.265,5585.277,7902.676,29508.19,20892.66,51506.83,52546.65
,0,42,8,855.5059,6.029825,0.8514158,,42,42,0,0,855.5059,0,0,0,0,0,0,0,0,0,12768.66,0,9771.886,27768.22,20779.92,92611.12,47969.08,105635.4,92756.75
,0,43,7,809.5094,6.1419,0.8509358,,43,43,0,0,809.5094,0,0,0,0,0,0,770.1033,0,1154.661,33554.83,0,34205.16,77535.16,42775.54,351748.8,208161.2,234103.8,185190.2
,0,44,6,780.5417,6.142575,0.8511429,,44,44,0,0,780.5417,0,0,0,0,0,0,0,0,0,3686.348,0,6030.842,28963.71,17049.63,29047.04,16514.1,99425.69,79623.7
,0,45,10,808.5071,6.139842,0.8520951,,45,45,0,0,808.5071,0,0,0,0,0,0,14940.49,1037.028,12506.9,124761.4,897.9418,124986.9,273955.1,167637.8,1328447,809528.6,716213.5,699587.3
,0,46,11,807.5042,6.142601,0.8531557,,46,46,0,0,807.5042,0,0,0,0,0,0,34746.58,9294.198,27985.53,281703.3,3198.252,270982,577388.4,391472.4,2674157,1711269,1873693,1551282
,0,47,10,808.5071,6.139842,0.8520951,,47,47,0,0,808.5071,0,0,0,0,0,0,14940.49,1037.028,12506.9,124761.4,897.9418,124986.9,273955.1,167637.8,1328447,809528.6,716213.5,699587.3
,0,48,4,694.4745,6.135925,0.851872,,48,48,0,0,694.4745,0,0,0,0,0,0,0,0,0,1294.913,0,5090.238,5288.11,2147.952,150574.7,161950.4,50684.66,35620.49
,0,49,4,693.4724,6.150813,0.852033,,49,49,0,0,693.4724,0,0,0,0,0,0,0,0,0,12463.95,0,9081.378,21527.8,6845.439,760560.7,425962.3,142396.9,105095.7
,0,50,4,721.4858,6.179055,0.8501643,,50,50,0,0,721.4858,0,0,0,0,0,0,0,0,847.5571,18113.23,0,11525.95,10175.42,4000.352,78315.05,45134.47,287698,206818.8
,0,51,3,788.472,6.2101,0.8246319,,51,51,0,0,788.472,0,0,0,0,0,0,0,0,0,0,0,2003.453,2357.181,0,26774.99,14388.77,27870.81,37207.34
,0,52,6,720.4846,6.20075,0.8515139,,52,52,0,0,720.4846,0,0,0,0,0,0,558.5557,0,7506.316,79723.88,0,58319.62,71255.8,57960.62,568769.6,276800.8,1065388,888239.8
,0,53,10,857.5215,6.250475,0.8541611,,53,53,0,0,857.5215,0,0,0,0,0,0,17484.86,1204.452,33516.26,219668.2,4571.423,242272.1,629266.9,463217.8,1465211,997436,2562984,2022073
,0,54,10,835.5261,6.2358,0.8530382,,54,54,0,0,835.5261,0,0,0,0,0,0,4737.686,0,7304.631,210664.7,527.3912,211857.8,395655.7,297149.6,511275.7,409124.6,456231.7,409200.7
,0,55,5,658.4454,6.262228,0.8501623,,55,55,0,0,658.4454,0,0,0,0,0,0,0,0,0,4272.488,0,6290.5,0,1950.093,69291.44,43686.9,63333.92,49734.16
,0,56,10,858.5247,6.2477,0.8521574,,56,56,0,0,858.5247,0,0,0,0,0,0,7775.471,643.3002,20602,116578.1,1656.237,121207.5,356542.9,228561,752584.8,485109.7,1274836,986102.7
,0,57,7,1068.671,6.27936,0.8534619,,57,57,0,0,1068.671,0,0,0,0,0,0,7116.977,0,1604.755,126067.4,0,116919.1,337922.3,233901.2,1091646,755320.8,82337.65,58952.53
,0,58,4,750.5277,6.75899,0.8568316,,58,58,0,0,750.5277,0,0,0,0,0,0,1480.54,0,4485.367,152866.5,0,59530.27,648240.4,2419414,320873.7,4146406,5598150,1.03E+07
,0,59,5,1070.677,6.282413,0.8529837,,59,59,0,0,1070.677,0,0,0,0,0,0,0,0,0,22773.96,0,21214.97,58021.98,52978.82,216194.5,164681.1,5372.566,4163.177
,0,60,10,749.5209,6.578782,0.8500422,,60,60,0,0,749.5209,0,0,0,0,0,0,20536.54,0,39488.89,1291873,1163.162,1454186,994762.4,723557.2,3533244,2258719,1576531,1740685
,0,61,9,774.5391,6.382033,0.8553476,,61,61,0,0,774.5391,0,0,0,0,0,0,6788.373,726.9131,40641.12,2521056,3574.262,2527042,4014361,2675401,7990660,3598832,1.03E+07,7839118
,0,62,7,782.5574,6.371933,0.8525869,,62,62,0,0,782.5574,0,0,0,0,0,0,0,0,618.9695,13842.05,0,19211.01,84529.9,52129.72,110172.2,75170.2,210390.2,189838.5
,0,63,8,739.4882,6.383537,0.8511741,,63,63,0,0,739.4882,0,0,0,0,0,0,0,0,0,18304.29,0,25731.03,35258.99,20564.44,100360.2,77573.58,37472.38,44751.94
,0,64,5,725.5081,6.398855,0.8520815,,64,64,0,0,725.5081,760.0513,0,0,0,0,0,0,0,0,6852.583,0,8067.316,12470.4,12757.82,119228.9,68331.34,81904.78,54406.57
,0,65,10,723.5018,6.38717,0.8582217,,65,65,0,0,723.5018,0,0,0,0,0,0,11273.93,0,12303.43,412393.2,0,377324.8,579330.9,383207.4,2567134,1365088,1477805,1227033
,0,66,8,724.5045,6.408791,0.8537055,,66,66,0,0,724.5045,588.3739,0,0,0,0,0,635.9617,0,936.6246,89951.97,0,106627.2,144212.1,130648.7,603595.8,326069.8,359267,352897.7
,0,67,10,722.499,6.390283,0.8556129,,67,67,0,0,722.499,0,0,0,0,0,0,24194.28,574.5648,28593.61,953172.2,649.3008,1005742,1363210,1076687,6016306,3289021,3537362,3077987
,0,68,7,810.5234,6.388966,0.8522179,,68,68,0,0,810.5234,0,0,0,0,0,0,9159.438,1327.614,5592.471,7986.688,636.9809,17350.21,151646.2,80849.59,678920.3,350463.4,359638.5,301228.4
,0,69,9,809.519,6.3903,0.8527334,,69,69,0,0,809.519,0,0,0,0,0,0,17855.96,3692.765,14668.2,50093.32,2484.468,104266.9,293406.1,202824,1444282,765680.1,764076.9,626439.7
,0,70,5,907.6212,6.437522,0.8522501,,70,70,0,0,907.6212,0,0,0,0,0,0,2295.247,0,0,64929.11,0,67850.35,133686.1,92249.51,274844.4,181764.3,17837.77,13463.81
,0,71,8,661.4645,6.448383,0.8526073,,71,71,0,0,661.4645,498.5009,467.0304,0,769.5916,0,0,654.1138,0,0,65690.03,0,69872.09,45537.16,34064.83,318351.3,200820,126991.2,92976.65
,0,72,10,837.5432,6.482201,0.8516024,,72,72,0,0,837.5432,0,0,0,0,0,0,5673.807,979.4151,24822.62,315203.7,781.2988,370720.6,801648.7,560379.2,1484886,893608.3,1175441,914854.7
,0,73,7,850.5565,6.67863,0.8522899,,73,73,0,0,850.5565,0,0,0,0,0,0,613.2118,0,686.3271,53427.98,0,21682.21,136290.8,91084.97,99995.45,68055.73,71476.09,145803.1
,0,74,8,1477.096,6.674,0.8522311,,74,74,0,0,1477.096,0,0,0,0,0,0,0,0,0,77291.81,0,100059.1,124005.3,66101.52,371654.4,143849.2,305381.4,204863.9
,0,75,8,1478.101,6.669712,0.8515503,,75,75,0,0,1478.101,0,0,0,0,0,0,0,0,0,53450.49,0,71385.98,121990.2,80573.2,367914.7,115357.4,194963,211961.7
,0,76,7,737.4949,6.706824,0.8519013,,76,76,0,0,737.4949,0,0,0,0,0,0,0,0,0,27486.76,0,46580.56,21567.6,13970.27,184809.9,103586.1,115626.9,78883.84
,0,77,5,744.5637,6.691078,0.8536978,,77,77,0,0,744.5637,0,0,0,0,0,0,4933.139,0,0,6278.889,0,9155.32,64459.44,23040.56,2921584,1356791,377799,247141.7
,0,78,3,745.5668,6.6926,0.8515508,,78,78,0,0,745.5668,0,0,0,0,0,0,0,0,0,0,0,7737.089,0,0,1294141,597948.2,186221,88797.38
,0,79,11,773.5361,6.383107,0.8533017,,79,79,0,0,773.5361,0,574.0717,0,0,0,618.9224,45460.8,1584.138,83153.43,5643852,10321.63,5421776,8605914,5650814,1.69E+07,7606354,2.19E+07,1.62E+07
,0,80,5,803.5728,6.757463,0.8526813,,80,80,0,0,803.5728,0,0,0,0,0,0,0,0,0,16054.8,0,20456.95,53925.52,14839.65,146754.3,82757.43,321885.5,164475.8
,0,81,6,810.5878,6.792649,0.851792,,81,81,0,0,810.5878,0,0,0,0,0,0,0,0,0,5176.147,0,12056.67,54610.36,55384.89,73975.58,28641.9,133790.5,120733.6
,0,82,5,722.534,6.811438,0.8485433,,82,82,0,0,722.534,0,0,0,0,0,0,0,0,0,7153.605,0,22206.09,37255.21,21626.7,150420.5,86704.27,78220.84,93482.28
,0,83,4,839.5579,6.802962,0.8333551,,83,83,0,0,839.5579,0,0,0,0,0,0,0,0,0,16018.64,0,27383.82,88619.44,47420.46,54644.42,43789.7,12889.92,30216.65
,0,84,4,645.4711,6.8311,0.8524921,,84,84,0,0,645.4711,0,0,0,0,0,0,0,0,0,4230.213,0,0,5694.01,0,256505.1,106996.6,213032.3,139335.6
,0,85,6,780.5776,6.825925,0.8527263,,85,85,0,0,780.5776,0,0,0,0,0,0,0,0,0,4853.974,0,5918.58,97794.25,50932.77,56799.11,20790.35,170655,160272.7
,0,86,8,734.5341,6.873199,0.8351331,,86,86,0,0,734.5341,0,0,0,0,0,0,0,0,0,45021.04,0,54936.22,125388.6,89608.3,373028.8,205185.9,945685.2,731247.1
,0,87,10,689.497,6.873329,0.857641,,87,87,0,0,689.497,0,0,0,628.404,487.1722,0,14415.47,544.8732,16764.73,687335.5,1194.576,846185,491936.8,325661.2,3073763,1630129,1148011,1034053
,0,88,8,1508.088,6.966325,0.856921,,88,88,0,0,1508.088,0,0,0,0,0,0,0,0,0,124566.6,0,193962.1,278250.5,242604.8,1723885,601446.2,1383992,1068544
,0,89,8,780.558,7.58273,0.8541622,,89,89,0,0,780.558,0,0,0,0,0,0,1309.246,0,1887.099,258738.8,0,257358.8,202193,142919.9,334059.6,270380.6,528713.5,350015.3
,0,90,8,1510.094,6.959713,0.8550083,,90,90,0,0,1510.094,0,0,0,0,0,0,0,0,0,63737.91,0,83985.56,137214.8,99536.01,746066.9,320905.3,615306,461258
,0,91,6,762.5062,6.990377,0.8531632,,91,91,0,0,762.5062,0,0,0,0,0,0,0,0,16691.13,115957.5,0,126762.5,522842.1,385757.2,750190.5,800480.7,2918913,1841862
,0,92,6,1446.054,7.005314,0.8542614,,92,92,0,0,1446.054,0,0,0,0,0,0,0,0,0,40828.65,0,45932.73,24410.7,0,333996.5,208380.6,136441.7,88082.95
,0,93,9,739.5118,7.02999,0.8561481,,93,93,0,0,739.5118,0,0,0,0,0,0,5739.41,0,15693.22,293021.5,0,428132.6,446515.3,350594.3,1978222,973921.4,1516832,914381.8
,0,94,6,1536.109,7.024113,0.8529484,,94,94,0,0,1536.109,0,0,0,0,0,0,0,0,0,23342.81,0,41917.18,46435.98,14271.79,195374.9,79562.97,225670.5,170345.3
,0,95,8,861.5143,6.990478,0.8516606,,95,95,0,0,861.5143,0,0,0,0,0,0,0,0,2150.071,77117.63,0,96184.29,95783.41,83229.18,178610.1,152586.6,87919,112415.6
,0,96,8,1509.091,6.965912,0.8559731,,96,96,0,0,1509.091,0,0,0,0,0,0,0,0,0,110466.6,0,133258.5,296677.4,227686.2,1420714,527514.9,1374169,994615.8
,0,97,8,646.4814,7.038844,0.8535808,,97,97,0,0,646.4814,0,0,0,0,0,0,0,0,1592.678,122363.2,0,119973.5,95254.69,53158.28,570004.3,383077.1,340120.7,233728.6
,0,98,6,697.5022,7.1459,0.8526912,,98,98,0,0,697.5022,0,0,0,0,0,0,513.8229,0,0,86511.94,0,39055.29,49086.55,62821.42,345685.8,202476.7,260021.8,148554.9
,0,99,8,735.5388,7.1314,0.8526613,,99,99,0,0,735.5388,0,0,0,0,0,0,0,0,743.5572,48744.81,0,46001.47,198776.8,189804.7,227723.5,145146.4,406407.1,282041.8
,0,100,7,738.5568,7.202975,0.849649,,100,100,0,0,738.5568,0,0,0,0,0,0,0,0,0,24684.71,0,22117.84,62589.45,62438.83,52413.43,45381.84,102082.2,97221.13
,0,101,9,673.5038,7.1822,0.8565161,,101,101,0,0,673.5038,0,0,0,0,0,0,1776.295,0,5501.223,174905.5,0,191154.1,259939.7,176012.2,1680183,854684.8,1159912,770636.2
,0,102,8,849.5859,8.397633,0.8517596,,102,102,0,0,849.5859,0,0,0,0,0,0,0,0,548.408,146033.3,0,183185.2,188440.5,137793.4,157172.6,151158.5,313889.6,266349
,0,103,6,674.5074,7.188787,0.8538719,,103,103,0,0,674.5074,0,0,0,0,0,0,0,0,0,33413.92,0,53061.64,58295.2,20012.5,349670.5,161466.6,303433.5,162721.1
,0,104,1,750.5653,7.243114,0.7493556,,104,104,0,0,750.5653,0,0,0,0,0,0,0,0,1384.439,0,0,0,48812.73,35096.16,33313.67,18710.77,30476.94,45948.64
,0,105,4,753.5293,7.271645,0.8517236,,105,105,0,0,753.5293,0,0,0,0,0,0,0,0,711.04,15168.68,0,29513.49,42114.47,27723.41,97244.06,64259.32,99604.4,91156.55
,0,106,9,760.5514,7.269861,0.8585777,,106,106,0,0,760.5514,0,0,0,0,0,0,1062.587,0,1450.171,275391.2,0,317416.2,1759260,1248862,1075082,802411.2,2741990,1895362
,0,107,6,838.6207,7.277166,0.8537848,,107,107,0,0,838.6207,0,0,0,0,0,0,0,0,2678.385,15005.42,0,35646.51,423553.7,281295,313736,148585.3,1067830,677285.3
,0,108,9,761.5546,7.31546,0.8551092,,108,108,0,0,761.5546,0,0,0,0,0,0,870.366,0,5364.787,106836.2,0,152179.4,837189.8,565193.9,355610.4,368323.9,1343904,842006.8
,0,109,5,839.6236,7.280813,0.8529058,,109,109,0,0,839.6236,0,0,0,0,0,0,0,0,805.2358,0,0,18183.44,217871.5,160576.6,165054.9,87425.77,564932.2,348159.8
,0,110,8,700.5225,7.316256,0.8538695,,110,110,0,0,700.5225,0,0,0,0,0,0,0,0,820.8555,45627.11,0,99544.91,80596.18,41546.15,286890.8,202269.6,243660.2,158643.3
,0,111,7,1482.086,7.349625,0.8550989,,111,111,0,0,1482.086,0,0,0,0,0,0,0,0,0,50350.47,0,78991.01,301210.8,156940.9,338177,97784.6,877866.5,527242.9
,0,112,8,764.5742,7.346067,0.853106,,112,112,0,0,764.5742,0,0,0,0,0,0,0,0,2607.152,46157.39,0,80971.02,381064.8,312302.8,378393.9,245519.3,795237.5,469662.5
,0,113,8,1477.104,7.367013,0.8542379,,113,113,0,0,1477.104,0,0,0,0,0,0,0,0,0,93407.45,0,153764.8,176594.2,113020.2,1142680,499847.2,877952.1,545340.5
,0,114,8,1476.099,7.358387,0.8545549,,114,114,0,0,1476.099,0,0,0,0,0,0,0,0,0,156305.3,0,162681.2,161013.8,71971.16,1191452,538759.4,764655.5,621203.7
,0,115,7,787.5696,7.375899,0.8521698,,115,115,0,0,787.5696,0,0,0,0,0,0,0,0,1092.329,27429.58,0,41915.51,165417.2,178112.5,82047.09,73321.91,133065,81693.63
,0,116,6,1478.106,7.367038,0.8522999,,116,116,0,0,1478.106,0,0,0,0,0,0,0,0,0,64607.69,0,63135.02,49096.47,21654.06,526196.2,217733.1,329240.1,329791
,0,117,7,1567.158,7.39465,0.8541853,,117,117,0,0,1567.158,0,0,0,0,0,0,0,0,0,92799.38,0,111801.5,135225,70850.97,303158.2,109773.2,417029.4,283433.2
,0,118,6,686.5141,7.403889,0.8531664,,118,118,0,0,686.5141,0,0,0,0,0,0,0,0,1652.432,47329.93,0,59698.64,125606.2,99975.7,310042.8,177959,392122.6,295943.8
,0,119,5,732.5519,7.54809,0.8385237,,119,119,0,0,732.5519,0,0,0,0,0,0,2120.877,0,8222.255,33266.28,0,30944.69,88192.84,50841.44,124212,108109.6,210739.1,314124.3
,0,120,2,676.5244,7.534837,0.8484222,,120,120,0,0,676.5244,0,0,0,0,0,0,0,0,0,78435.07,0,77832.88,49383.58,30542.44,101692.2,101962.8,137489,69227.48
,0,121,4,1460.104,7.61565,0.8517067,,121,121,0,0,1460.104,0,0,0,0,0,0,0,0,0,12129.22,0,11018.12,19899.46,24304.3,115208.4,61278.63,96849.69,51036.64
,0,122,8,1486.119,7.619337,0.8529623,,122,122,0,0,1486.119,0,0,0,0,0,0,0,0,0,62230.11,0,73991.83,81455.35,82187.49,281311.6,158075.1,329073.9,252841.3
,0,123,7,1487.123,7.619875,0.8528816,,123,123,0,0,1487.123,0,0,0,0,0,0,0,0,0,55171.87,0,79456.27,71777.74,58716.61,294709.7,170409.7,284794.9,220427.3
,0,124,3,1403.061,7.631401,0.8520531,,124,124,0,0,1403.061,0,0,0,0,0,0,0,0,0,0,0,0,16429.95,6965.662,316491.8,53958.2,347492.7,160442.8
,0,125,2,1402.058,7.639913,0.8522071,,125,125,0,0,1402.058,624.2411,0,0,0,0,0,0,0,0,0,0,5476.835,12306.09,6751.975,375732.5,110018.8,364095.2,155450
,0,126,6,794.5325,7.742338,0.8530726,,126,126,0,0,794.5325,0,0,0,0,0,0,0,0,0,87623.38,0,103584.7,90004.02,71097.64,176422.9,152372.5,243878.9,193072.5
,0,127,4,866.6514,7.775633,0.8526604,,127,127,0,0,866.6514,0,0,0,0,0,0,0,0,0,0,0,0,53267.36,32982.04,33555.06,7225.042,206783.9,133299.8
,0,128,6,793.6077,7.802063,0.8513895,,128,128,0,0,793.6077,0,0,0,0,0,0,0,0,0,10133.27,0,10454.81,68745.34,75579.3,51808.32,56781.95,112232.9,110970.4
,0,129,6,1490.115,7.802563,0.852001,,129,129,0,0,1490.115,0,0,0,0,0,0,0,0,0,176710.1,0,172449.6,138279.6,29246.45,678138.9,288203.6,380706.6,261553.4
,0,130,6,1491.119,7.802538,0.8520271,,130,130,0,0,1491.119,0,0,0,0,0,0,0,0,0,134972.1,0,148431.3,38512.88,75749.79,545789.2,269230,278300.6,329444
,0,131,4,1533.162,7.854388,0.8528554,,131,131,0,0,1533.162,0,0,0,0,0,0,0,0,0,10857.02,0,7191.475,28718.6,7709.677,122832.8,41158.34,196837,141414.8
,0,132,7,850.5624,7.036023,0.8543104,,132,132,0,0,850.5624,0,0,0,0,0,0,0,0,2749.052,60414.11,0,224437.8,406186.6,305677.5,192680.4,164140.5,688263.4,298439.5
,0,133,5,1558.172,7.911425,0.8499479,,133,133,0,0,1558.172,0,0,0,0,0,0,0,0,0,21682.83,0,33442.1,5975.875,12065.65,105032,49977.06,120790,90304.41
,0,134,5,865.6179,7.9053,0.8517169,,134,134,0,0,865.6179,0,0,0,0,0,0,0,0,0,21277.5,0,6198.541,211289.6,176359.8,12029.43,58101.19,122579.4,83197.35
,0,135,4,1559.178,7.923788,0.8515025,,135,135,0,0,1559.178,0,0,0,0,0,0,0,0,0,21012.31,0,17230.82,5322.507,4986.066,128856.4,62294.14,116634.3,77864.01
,0,136,7,836.6209,7.911778,0.8523153,,136,136,0,0,836.6209,0,0,0,0,0,0,0,0,807.965,15019.37,0,23595.11,84919.06,56339.61,88145.98,62306.79,140395.2,134345.2
,0,137,3,1525.139,7.962928,0.8486313,,137,137,0,0,1525.139,0,0,0,0,0,0,0,0,0,10473.66,0,7479.233,4811.875,0,67977.27,56775.87,116057.5,41841.57
,0,138,5,761.5906,7.988233,0.8508816,,138,138,0,0,761.5906,0,0,0,0,0,0,0,0,3484.631,5659.459,0,4667.864,9017.585,23716.69,60382.06,20202.64,86473.09,189637.6
,0,139,6,655.4961,8.010533,0.8514875,,139,139,0,0,655.4961,0,0,0,0,0,0,0,541.5204,0,20747.1,0,4758.803,25354.76,5872.929,97393.09,93012.29,33368.15,15353.39
,0,140,5,1182.799,8.024157,0.8533826,,140,140,0,0,1182.799,0,0,0,0,0,0,0,0,1341.946,52939.48,0,41727.15,206198.3,165683.7,245495.9,211076.2,40581.43,34621.74
,0,141,9,1180.793,8.01815,0.854147,,141,141,0,0,1180.793,0,0,0,0,0,0,6363.52,0,5431.757,172502.5,0,186680.4,724454.9,595432.2,837345.3,745181.7,181317.7,127984.3
,0,142,8,1181.796,8.022141,0.8538457,,142,142,0,0,1181.796,0,0,0,0,0,0,4185.732,0,1707.805,110145.5,0,131858.9,474907.2,413614.5,563966.6,540387.5,105918.4,76246.44
,0,143,0,877.4924,8.09155,0.3754151,,143,143,0,0,877.4924,0,0,0,0,0,0,0,0,0,0,0,0,2945.473,5018.499,5315.839,11466.52,23535.58,16744.04
,0,144,0,828.4857,8.077233,0.3620556,,144,144,0,0,828.4857,0,0,0,0,0,0,0,0,0,3143.227,0,0,0,3967.706,5814.113,16557.75,18615.81,17046.12
,0,145,8,812.5205,8.08085,0.8504723,,145,145,0,0,812.5205,0,0,0,0,0,0,0,0,0,60387.56,0,45983.29,75977.69,57038.36,168334.1,142643.8,218197.5,150286.9
,0,146,4,1458.125,8.071085,0.8520374,,146,146,0,0,1458.125,0,0,0,0,0,0,0,0,0,0,0,3049.886,12009.42,7368.977,142422.8,64793.81,216179.2,133867.9
,0,147,10,792.5555,7.60509,0.8568406,,147,147,0,0,792.5555,0,0,0,0,0,0,11955.56,0,21430.93,1642541,0,1656676,754582.5,686730.2,2809338,1818978,3515405,2709650
,0,148,7,828.6575,8.093113,0.8517117,,148,148,0,0,828.6575,0,0,0,0,0,0,0,0,0,46318.22,0,37275.55,160840.9,97702.82,1173382,771187.5,418073.1,257612.4
,0,149,8,847.6236,8.932099,0.8491868,,149,149,0,0,847.6236,0,0,0,0,0,0,0,0,0,31072.11,0,23253.56,33968.3,27525.17,37524.61,32166.2,53138.02,59793.38
,0,150,0,855.6761,8.17514,0.4651645,,150,150,0,0,855.6761,0,0,0,0,0,0,0,0,0,0,0,0,112036.6,0,290122.9,13158.4,69321.98,76236.7
,0,151,6,854.6751,8.1476,0.8578753,,151,151,0,0,854.6751,0,0,0,0,0,0,2195.78,0,2423.076,72998.72,0,99453.66,265642,216477.5,1584209,1108182,718446.9,463641.1
,0,152,5,829.5952,8.242362,0.8509996,,152,152,0,0,829.5952,0,0,0,0,0,0,0,0,0,17917.67,0,17542.59,35507.79,21790.76,59194.77,35403.27,125115.9,90861.47
,0,153,9,817.616,7.921789,0.844081,,153,153,0,0,817.616,0,0,0,0,0,0,0,0,3967.865,119509.9,0,97391.99,490017.2,302343.2,230798.3,173820.7,654228.9,512550.4
,0,154,9,810.5657,7.36523,0.8568207,,154,154,0,0,810.5657,0,0,0,0,0,0,1258.393,0,6663.833,385721.8,0,387608.6,2916224,2793604,149382.3,633332.1,1172732,834815.7
,0,155,5,874.7032,8.276125,0.8522838,,155,155,0,0,874.7032,0,0,0,0,0,0,0,0,0,3041.018,0,4387.081,17664.6,14443.07,113359.6,59912.39,142938.1,105353.4
,0,156,6,744.5847,8.296963,0.8492789,,156,156,0,0,744.5847,0,0,0,0,0,0,0,0,0,8674.247,0,12983.75,25584.72,25430.69,42293.19,41304.64,156318.1,106737.9
,0,157,4,875.7064,8.294217,0.8516259,,157,157,0,0,875.7064,0,0,0,0,0,0,0,0,0,0,0,0,8230.645,7340.255,70230.24,30722.38,80501.77,59748.61
,0,158,7,842.6685,9.317963,0.8481849,,158,158,0,0,842.6685,0,0,0,0,0,0,0,0,0,9681.393,0,11114.03,15947.32,13942.06,13587.25,9026.716,16733.78,3254.05
,0,159,4,658.5156,8.3246,0.851395,,159,159,0,0,658.5156,0,0,0,723.2253,0,0,2068.605,760.728,4441.576,11689,1233.151,10891.16,24257.15,9594.919,68822.7,49538.17,33377.51,28678.67
,0,160,10,657.5121,8.335206,0.8519244,,160,160,0,0,657.5121,0,541.9095,0,789.1385,876.2288,1520.043,10068.64,3260.939,12136.41,39697.54,7521.11,34492.64,58253.09,39088.75,182883.7,128685.9,105406.2,75884.91
,0,161,4,830.6069,8.396216,0.8530827,,161,161,0,0,830.6069,0,0,0,0,0,0,0,0,0,106610.3,0,102169.8,0,0,221299.2,133555.2,303490.7,233594.8
,0,162,4,622.579,8.411401,0.8515514,,162,162,0,0,622.579,0,0,0,0,0,0,0,0,0,2305.94,0,0,6080.388,2511.611,77966.74,24360.79,192360.4,125895.4
,0,163,3,700.5201,8.420012,0.8471066,,163,163,0,0,700.5201,0,0,0,0,0,0,0,0,0,10735.98,0,15627.58,37881.74,25336.38,47326.13,38877.19,47479.64,44470.88
,0,164,4,685.5322,6.385213,0.8491057,,164,164,0,0,685.5322,0,0,0,0,0,0,0,0,0,22986.6,0,32355.38,10269.36,13673.06,28616.88,32242.26,53442.67,28328.56
,0,165,1,940.6266,7.921743,0.7102028,,165,165,0,0,940.6266,0,0,0,0,0,0,0,0,0,17278.73,0,14069.09,6703.517,14401.84,3299.896,6085.433,5675.806,0
,0,166,8,682.5327,8.426176,0.8500879,,166,166,0,0,682.5327,0,0,0,0,0,0,0,0,0,31458.27,0,26554.41,43449.23,41099.75,67162.95,58440.5,34296.54,34383.5
,0,167,3,1208.823,8.431733,0.8508657,,167,167,0,0,1208.823,0,0,0,0,0,0,0,0,0,7099.748,0,8984.988,26773.26,17512.83,52970.8,64007.58,0,0
,0,168,4,696.6161,8.455344,0.8508351,,168,168,0,0,696.6161,0,0,0,0,0,0,0,0,1309.129,14236.84,0,15038.65,29975.22,22442.08,34776.39,16227.32,44223.88,44799.89
,0,169,2,874.6442,9.008975,0.8364131,,169,169,0,0,874.6442,0,0,0,0,0,0,0,0,0,2789.693,0,1296.564,2766.48,2829.846,4370.357,3540.994,21888.2,18527.62
,0,170,1,905.5226,8.512899,0.5705553,,170,170,0,0,905.5226,0,0,0,0,0,0,0,0,0,3003.241,0,2750.65,8530.668,1525.401,8756.605,16340.35,24731.61,8892.147
,0,171,6,840.551,8.5079,0.8530177,,171,171,0,0,840.551,0,0,0,0,0,0,0,0,0,41636.21,0,32877.27,50751.27,35165.38,113119.4,84443.65,165144.3,133387.2
,0,172,8,760.6109,8.81505,0.8533751,,172,172,0,0,760.6109,0,0,0,0,0,0,0,0,0,176142.2,0,186432.1,105447.7,67285.06,66520.62,74254.99,100980.7,88165.35
,0,173,5,873.6809,9.034713,0.8503757,,173,173,0,0,873.6809,0,0,0,0,0,0,0,0,0,15778.19,0,13132.99,86886.27,42081.09,42109.02,36464.68,116864.6,93446.44
,0,174,7,924.6755,8.539856,0.8539491,,174,174,0,0,924.6755,0,0,0,0,0,0,0,0,559.543,11258.11,0,10948.48,50713.72,23678.44,344319.1,287288.9,94597.01,81603.12
,0,175,6,856.6914,8.53239,0.8531823,,175,175,0,0,856.6914,0,0,0,0,0,0,10174.5,0,5182.006,147096.2,0,141513.7,544881.2,377673.1,6444634,3774135,1908620,1159141
,0,176,4,882.7062,8.579762,0.8544497,,176,176,0,0,882.7062,0,0,0,0,0,0,0,0,0,18250.13,0,12304.18,30092.11,16224.42,481915.8,392890.3,78809.16,60623.04
,0,177,4,857.6306,8.657513,0.8513683,,177,177,0,0,857.6306,0,0,0,0,0,0,0,0,0,5116.813,0,4912.996,14260.77,13295.29,54021.36,42601.92,123401.7,102397.8
,0,178,4,901.6154,8.71065,0.8502346,,178,178,0,0,901.6154,0,0,0,0,0,0,0,0,0,7154.296,0,2793.072,9224.799,4771.479,21173.39,15464.11,41492.27,36523.18
,0,179,6,983.7343,8.733538,0.8510149,,179,179,0,0,983.7343,0,0,0,0,0,0,0,0,0,2566.511,0,2584.01,15775.82,9981.296,18209.95,8538.125,87734.72,65723.29
,0,180,0,870.7056,8.72064,0.1779635,,180,180,0,0,870.7056,0,0,0,0,0,0,0,0,0,0,0,0,6838.809,0,9059.327,11723.99,12093.73,11640.42
,0,181,4,643.534,8.754313,0.8498836,,181,181,0,0,643.534,0,0,0,0,0,0,0,0,0,2986.187,0,4453.701,4117.069,6363.79,86457.31,60071.65,27580.53,23915.96
,0,182,5,924.6691,9.53675,0.8417128,,182,182,0,0,924.6691,0,0,0,0,0,0,0,0,0,4249.245,0,5221.787,4469.572,4337.315,12959.36,9355.267,4980.629,4667.189
,0,183,10,764.5842,7.72345,0.8565738,,183,183,0,0,764.5842,0,0,0,0,0,0,5680.781,0,9652.343,514491,0,560496.1,1932882,1254896,774195.8,655212.3,1693114,1245014
,0,184,6,669.5486,8.864775,0.8497455,,184,184,0,0,669.5486,0,0,0,0,0,0,0,0,0,8981.773,0,3124.023,24492.23,16311.27,25159.69,26866.38,20862.07,10334.97
,0,185,5,652.6162,8.875563,0.8513198,,185,185,0,0,652.6162,0,0,0,0,0,0,0,0,0,4233.918,0,1662.769,8293.255,9000.97,64562.14,30931.57,155359.5,116930.8
,0,186,8,651.6132,8.871412,0.8513458,,186,186,0,0,651.6132,0,0,0,0,0,0,0,0,0,28886.94,0,23592.45,48976.51,47282.54,298517.8,115541.9,627007,493365.3
,0,187,8,650.6097,8.871412,0.8519696,,187,187,0,0,650.6097,0,0,0,0,0,0,0,0,0,55004.53,0,54603.56,111767.1,104173,635544.1,283449.4,1344402,1083838
,0,188,8,765.5874,7.73157,0.8541766,,188,188,0,0,765.5874,0,0,0,0,0,0,1226.059,0,5295.252,238526.8,0,228531.1,921518.7,548709,360334.3,290840.1,743541.9,497609.3
,0,189,6,667.6005,8.873487,0.851577,,189,189,0,0,667.6005,0,0,0,0,0,0,0,0,0,5989.553,0,8075.51,10006.82,10479.13,57368.43,36969.16,93748.54,82460.98
,0,190,8,712.5641,8.896338,0.8508137,,190,190,0,0,712.5641,0,0,0,0,0,0,0,0,0,14100.56,0,19345.25,57704.38,52422.47,66491.74,42881.08,51191.2,32425.78
,0,191,4,710.5647,8.888038,0.849482,,191,191,0,0,710.5647,0,0,0,0,0,0,0,0,0,7874.69,0,7616.299,25594.53,24133.29,27970.48,13434,6356.078,12003.68
,0,192,6,901.6749,8.873125,0.8459297,,192,192,0,0,901.6749,0,0,0,0,0,0,0,0,0,3644.041,0,2151.972,7737.639,8229.668,54752.31,35059.29,35865.11,37362.46
,0,193,0,760.621,8.885963,0.4387338,,193,193,0,0,760.621,0,0,0,0,0,0,0,0,0,28251.66,0,30729.85,32344,17902.79,26854.39,23526.22,65399.06,102687.2
,0,194,7,678.6334,8.925463,0.8519143,,194,194,0,0,678.6334,0,0,0,0,0,0,0,0,0,16807.57,0,17235.07,46799.53,39979.12,134939.2,62681.77,422811.8,310734.1
,0,195,5,921.6805,8.964525,0.8292514,,195,195,0,0,921.6805,0,0,0,0,0,0,0,0,0,1997.838,0,2794.553,25911.5,25531.13,2480.149,10891.91,13451.41,18526.47
,0,196,8,677.6302,8.929612,0.8529018,,196,196,0,0,677.6302,0,0,0,0,0,0,0,0,0,71782.66,0,85265.94,205869,167558.8,501163.2,292695.4,1649642,1264312
,0,197,8,676.6268,8.929612,0.853495,,197,197,0,0,676.6268,0,0,0,0,0,0,0,0,0,162886.1,0,191273.8,382606.6,341920.3,1077786,595936.8,3431324,2608634
,0,198,4,884.7224,8.9591,0.8537706,,198,198,0,0,884.7224,0,0,0,0,0,0,0,0,0,0,0,0,10321.86,3401.669,486534.4,265785.3,50389.64,32181.98
,0,199,3,903.6321,8.969517,0.8434925,,199,199,0,0,903.6321,0,0,0,0,0,0,0,0,0,3439.896,0,2882.025,0,0,13370.05,8491.273,17516.71,15863.83
,0,200,5,985.7504,8.978728,0.8508154,,200,200,0,0,985.7504,0,0,0,0,0,0,0,0,0,0,0,2169.352,10109.85,6928.851,18066.64,8554.73,84034.87,72273.86
,0,201,8,737.5762,9.000663,0.8493537,,201,201,0,0,737.5762,0,0,0,0,0,0,0,0,0,11708.63,0,6926.525,28198.94,24257.6,26294.28,17051.74,22458.73,20831.91
,0,202,2,928.6421,9.04565,0.7756246,,202,202,0,0,928.6421,0,0,0,0,0,0,0,0,0,0,0,0,0,0,9591.883,3625.147,9131.226,8156.383
,0,203,7,702.6422,9.0601,0.8508738,,203,203,0,0,702.6422,0,0,0,0,0,0,0,0,0,11058.52,0,9240.886,9822.054,1410.001,44462.39,24639.84,73917.1,58220.84
,0,204,1,848.6597,9.092016,0.8362703,,204,204,0,0,848.6597,0,0,0,0,0,0,0,0,0,2796.487,0,2863.217,0,0,14571.27,14360.45,38401.38,26762.91
,0,205,6,664.6251,9.095037,0.8512477,,205,205,0,0,664.6251,0,0,0,0,0,0,0,0,0,5713.272,0,1181.472,20963.74,15200.16,44901.92,19319.67,138827.3,109071
,0,206,6,662.6099,9.131937,0.850072,,206,206,0,0,662.6099,0,0,0,0,0,0,0,0,0,9974.084,0,5345.08,29310.53,25418.8,43480.22,17016.58,66383.71,39388.63
,0,207,4,690.6425,9.1527,0.8509417,,207,207,0,0,690.6425,0,0,0,0,0,0,0,0,0,1350.564,0,3422.693,12812.6,5486.329,70416.61,30140.62,117155.5,89747.78
,0,208,4,652.6249,9.206957,0.8510233,,208,208,0,0,652.6249,0,0,0,0,0,0,0,0,0,1755.732,0,0,10857.67,7544.107,31630.22,13313.81,338861.7,261622.9
,0,209,2,825.6587,9.196987,0.8470064,,209,209,0,0,825.6587,0,0,0,0,0,0,0,0,509.6228,2092.062,0,0,1528.304,1278.168,8143.63,1393.313,14892.24,14668.75
,0,210,5,824.6552,9.221075,0.8495518,,210,210,0,0,824.6552,0,0,0,0,0,0,0,0,0,3900.279,0,4285.155,8792.469,3592.784,20900.77,11361.28,32394.79,31110.7
,0,211,5,864.6802,9.2972,0.8493463,,211,211,0,0,864.6802,0,0,0,0,0,0,0,0,0,6444.665,0,7555.555,2164.94,3837.37,25388.54,14945.85,38823.42,30830.19
,0,212,4,794.6241,10.38891,0.8413177,,212,212,0,0,794.6241,0,0,0,0,0,0,0,0,0,5043.808,0,4960.754,11806.12,8632.444,17629.55,14420.57,32240.89,23783.26
,0,213,5,669.6156,9.325634,0.8500599,,213,213,0,0,669.6156,0,0,0,0,0,0,0,0,0,1998.982,645.1006,3242.841,6249.349,7184.407,35739.95,21250.32,55323.64,44779.59
,0,214,4,681.6528,9.332487,0.8500918,,214,214,0,0,681.6528,0,0,0,0,0,0,0,0,0,1661.591,0,699.9847,8559.524,5302.847,33834.53,19747.55,98985.93,54275.97
,0,215,5,760.5513,7.319031,0.8577597,,215,215,0,0,760.5513,0,0,0,0,0,0,766.6963,0,3403.524,30067.49,0,29878.8,1759260,824840.2,380125.5,569231.4,1767458,1895362
,0,216,8,679.6462,9.324187,0.8509175,,216,216,0,0,679.6462,0,0,0,0,0,0,0,0,0,56194.39,0,58734.02,227247.3,160678.7,898754.7,415933.5,2120852,1509706
,0,217,7,793.6227,9.322112,0.8483229,,217,217,0,0,793.6227,0,0,0,0,0,0,0,0,0,7289.274,0,7059.121,12638.65,13125.57,49964.68,39768.16,89073.12,73966.66
,0,218,4,696.6326,9.314281,0.8523349,,218,218,0,0,696.6326,0,0,0,0,0,0,0,0,0,0,0,0,0,3329.763,81495.73,59954.37,106506.3,94772.82
,0,219,4,670.6104,9.313812,0.8498764,,219,219,0,0,670.6104,0,0,0,0,0,0,0,0,0,1919.936,0,769.594,2084.482,1228.549,23088.36,14823.65,41725.07,31715.58
,0,220,5,668.6122,9.326262,0.8484177,,220,220,0,0,668.6122,0,0,0,0,0,0,0,0,0,6417.963,0,7484.967,14811.05,12659.94,80810.52,44656.41,117513.5,100286.8
,0,221,10,779.5663,7.348747,0.8590634,,221,221,0,0,779.5663,838.2974,0,688.2034,0,0,0,31675.15,0,58371.1,3916079,3059.956,4395252,7846852,6092982,5426018,3664123,7554332,5517564
,0,222,7,695.6335,9.324187,0.8535888,,222,222,0,0,695.6335,0,0,0,0,0,0,0,0,0,43842.48,0,41392.29,76921.69,71192.01,354151.5,221498.8,506469.9,453466.6
,0,223,8,678.6428,9.324187,0.8524795,,223,223,0,0,678.6428,0,0,0,0,0,0,0,0,0,118584.2,0,119475.3,473940.6,336692.5,1839270,876952.2,4326244,3167517
,0,224,2,761.5532,9.332513,0.822502,,224,224,0,0,761.5532,0,0,0,0,0,0,0,0,0,3079.903,0,3537.45,4639.925,3942.794,35482.97,19817.38,33102.96,26784.98
,0,225,8,792.6187,9.324187,0.8483304,,225,225,0,0,792.6187,0,0,0,0,0,0,0,0,0,10044.62,0,12177.98,23995.01,25482.86,81221.04,64772.68,162350.7,130451.7
,0,226,8,680.6492,9.3242,0.8506117,,226,226,0,0,680.6492,0,0,0,0,0,0,0,0,0,10339.74,0,15895.34,50480.11,40975.78,232121,101257.5,528977.5,378859.5
,0,227,4,746.6284,9.319451,0.8501756,,227,227,0,0,746.6284,0,0,0,0,0,0,0,0,0,0,0,0,1187.318,1029.063,23143.51,9493.335,32412.03,31374.83
,0,228,2,722.6496,9.336066,0.7539193,,228,228,0,0,722.6496,0,0,0,0,0,0,0,0,0,0,0,0,7237.83,4982.956,18235.06,17507.26,55530.54,59623.39
,0,229,6,1014.786,9.366156,0.8507056,,229,229,0,0,1014.786,0,0,0,839.9357,0,0,0,0,0,2106.575,0,1098.142,7954.919,10619.01,10524.12,6915.668,58383.86,43434.73
,0,230,6,1013.781,9.347025,0.8507508,,230,230,0,0,1013.781,0,0,0,0,0,0,0,0,0,5502.05,0,3090.54,17591.76,9026.022,26014.38,11596.26,93023.05,64703.36
,0,231,4,721.6501,9.375015,0.7274694,,231,231,0,0,721.6501,0,0,0,0,0,0,0,0,0,0,0,4665.811,3097.699,6244.021,47956.19,38307.76,42301.39,52944.13
,0,232,4,819.6346,9.3835,0.818615,,232,232,0,0,819.6346,0,0,0,0,0,0,0,0,0,771.4062,0,697.6533,1059.505,1034.821,8023.646,9490.738,11312.03,9055.287
,0,233,4,706.6649,9.375225,0.8506453,,233,233,0,0,706.6649,0,0,0,0,0,0,0,0,0,817.7297,0,807.2791,2163.568,716.044,41412.9,18489.62,50150.58,40278.84
,0,234,4,1343.9,9.381075,0.8476855,,234,234,0,0,1343.9,0,0,0,0,0,0,0,0,0,4759.779,0,2939.999,885.8315,1835.251,18453.74,9601.503,9828.534,3738.128
,0,235,8,704.6583,9.370675,0.8522406,,235,235,0,0,704.6583,0,0,0,0,0,0,0,0,0,26244.67,0,18858.71,32895.46,23551.72,296248,157030.1,375922.1,246344.1
,0,236,7,705.6614,9.370262,0.8525317,,236,236,0,0,705.6614,0,0,0,0,0,0,0,0,0,12670.84,0,10320.58,16663.24,7604.948,145996.9,76330.83,187872,147246.8
,0,237,4,1370.919,9.504388,0.8447922,,237,237,0,0,1370.919,0,0,0,0,0,0,0,0,0,1718.541,0,3002.154,1818.779,1903.837,15869.38,9378.198,11216.99,6649.281
,0,238,7,984.6909,9.460388,0.8390059,,238,238,0,0,984.6909,0,0,0,0,0,0,0,0,0,4116.667,0,3400.081,10671.13,8291.796,16137.29,10266.89,6523.703,8074.307
,0,239,3,692.6584,9.545484,0.850044,,239,239,0,0,692.6584,0,0,0,0,0,0,0,0,0,0,0,0,1877.812,823.6472,21612.35,9824.435,45061.03,32844.22
,0,240,5,882.6986,9.572875,0.8490281,,240,240,0,0,882.6986,0,0,0,0,0,0,0,0,0,6153.234,0,7985.069,3092.839,4008.485,27930.63,15532.19,8533.162,5892.458
,0,241,6,1347.923,9.629713,0.845731,,241,241,0,0,1347.923,0,0,0,0,0,0,0,0,0,7030.09,0,6004.783,3986.53,4412.722,21257.33,13698.8,13624.7,7169.925
,0,242,3,1396.933,9.655362,0.8271422,,242,242,0,0,1396.933,0,0,0,0,0,0,0,0,0,1631.337,0,1828.822,1113.759,1856.711,8254.897,7223.415,4895.74,5770.441
,0,243,8,762.5668,7.343855,0.8580658,,243,243,0,0,762.5668,0,0,0,0,0,0,0,0,0,548698.4,561.5363,594983.1,3392847,2433846,3146725,2150077,6744508,4454938
,0,244,0,795.6385,7.910462,0.2566203,,244,244,0,0,795.6385,0,0,0,0,0,0,0,0,0,10711.29,0,6352.324,15851.06,26424.75,4445.049,5059.889,15065.75,15775.98
,0,245,2,794.6358,9.656816,0.8511444,,245,245,0,0,794.6358,0,0,0,0,0,0,0,0,0,0,0,0,1157.423,900.6575,6126.48,6478.375,57845.94,43841.28
,0,246,5,681.6619,9.655038,0.8516408,,246,246,0,0,681.6619,0,0,0,0,0,0,0,0,0,2996.344,0,3668.325,20286.16,15157.32,61164.89,24167.98,502889.8,381859.2
,0,247,8,697.647,9.175562,0.8524805,,247,247,0,0,697.647,0,0,0,0,0,0,0,0,0,186229,0,169727.4,131026.6,89256.37,194830.1,110028,247176.6,183721.5
,0,248,6,680.6583,9.652987,0.8504576,,248,248,0,0,680.6583,0,0,0,0,0,0,0,0,0,11780.23,0,9955.819,40612.83,32749.83,126773.6,53637.29,1003398,787278
,0,249,2,890.7021,9.71945,0.6943778,,249,249,0,0,890.7021,0,0,0,0,0,0,0,0,0,6270.988,0,2006.127,0,0,6535.9,3381.103,11160.79,8111.366
,0,250,5,1395.927,9.962213,0.8442197,,250,250,0,0,1395.927,0,0,0,0,0,0,0,0,0,3656.659,0,6282.103,8744.29,1998.399,12261.09,13608.09,12971.97,3359.012
,0,251,3,1394.916,9.715513,0.8375475,,251,251,0,0,1394.916,0,0,0,0,0,0,0,0,0,2154.969,0,2305.135,796.7238,753.2856,10741.35,6652.209,7209.576,3950.373
,0,252,4,708.6805,9.781775,0.8492956,,252,252,0,0,708.6805,0,0,0,0,0,0,0,0,0,0,0,0,0,0,26270.78,9237.277,22374.55,16613.88
,0,253,5,706.6738,9.766862,0.8521742,,253,253,0,0,706.6738,0,0,0,0,0,0,0,0,0,2871.729,0,4272.553,11023.69,4787.689,214861.8,84545.6,171783.4,138321.9
,0,254,4,707.6772,9.766314,0.8514286,,254,254,0,0,707.6772,0,0,0,0,0,0,0,0,0,0,0,1231.382,6286.742,1770.758,112850.2,42273.28,85463.97,71102.38
,0,255,2,820.65,9.786561,0.8191993,,255,255,0,0,820.65,0,0,0,0,0,0,0,0,0,0,0,0,711.6521,0,7093.181,7218.803,9839.838,9565.143
,0,256,4,723.665,9.774872,0.8493794,,256,256,0,0,723.665,0,0,0,0,0,0,0,0,0,825.8359,0,1478.733,798.0573,0,40885.12,21707.93,29417.65,25877.21
,0,257,3,821.6525,9.73898,0.8254612,,257,257,0,0,821.6525,0,0,0,0,0,0,0,0,0,0,0,0,717.6514,0,6441.917,6296.646,6427.792,2286.907
,0,258,8,866.7041,9.823063,0.8495004,,258,258,0,0,866.7041,0,0,0,0,0,0,0,0,0,7360.709,0,7005.594,9177.554,3754.742,14398.39,8339.19,30508.16,24436.18
,0,259,3,1385.947,9.9029,0.8267967,,259,259,0,0,1385.947,0,0,0,0,0,0,0,0,0,4876.852,0,5947.581,3405.086,1223.891,15921.56,8334.857,11912.52,6465.93
,0,260,4,1386.95,9.881837,0.8476233,,260,260,0,0,1386.95,0,0,0,0,0,0,0,0,0,2890.653,0,1792.112,6961.202,3228.856,13141.58,9943.259,5636.509,6628.713
,0,261,5,1347.932,9.890488,0.8450674,,261,261,0,0,1347.932,0,0,0,0,0,0,0,0,0,4936.252,0,6826.549,2284.906,4153.104,15101.65,11030.39,8668.734,7569.292
,0,262,5,1411.97,9.981171,0.848479,,262,262,0,0,1411.97,0,0,0,0,0,0,0,0,0,0,0,2608.343,4417.912,2230.347,6252.308,5759.46,12447.16,13009.6
,0,263,7,919.7209,9.953113,0.844767,,263,263,0,0,919.7209,0,0,0,0,0,0,0,0,0,4079.333,0,5841.171,10862.07,8399.243,22853.34,8639.605,6611.807,8789.032
,0,264,8,1374.949,9.959712,0.8503928,,264,264,0,0,1374.949,0,0,0,0,0,0,0,0,0,42159.48,0,53240.24,46333.91,35705.35,88944.91,64425.57,87856.34,64503.77
,0,265,3,1489.935,10.03479,0.8483171,,265,265,0,0,1489.935,0,0,0,0,0,0,0,0,0,1041.968,0,3814.062,5384.176,827.9368,11162.43,4356.882,8864.639,6612.913
,0,266,3,1403.974,10.04309,0.8361428,,266,266,0,0,1403.974,0,0,0,0,0,0,0,0,0,2596.85,0,3248.046,2577.907,1751.746,13829.46,7685.199,10676.42,9030.434
,0,267,8,945.7397,10.02145,0.8511057,,267,267,0,0,945.7397,0,0,0,0,0,0,0,0,0,7596.387,0,9384.935,22207.17,13727.83,84318.84,40885.08,26725.34,22190.02
,0,268,6,929.7428,10.06916,0.8444355,,268,268,0,0,929.7428,0,0,0,0,0,0,0,0,0,1449.198,0,1735.139,13698.32,9814.913,16089.67,7646.414,23956.89,18816.74
,0,269,8,1450.983,10.37364,0.8490138,,269,269,0,0,1450.983,0,0,0,0,0,0,0,0,0,19835.36,0,25848.69,34536.07,25642.12,50845.88,27287.05,55470.2,49707.59
,0,270,6,1388.964,10.13231,0.8445176,,270,270,0,0,1388.964,0,0,0,0,0,0,0,0,0,2181.558,0,2122.956,9308.649,5581.893,9001.093,4584.043,12426.76,8432.5
,0,271,3,1515.948,10.14728,0.8293443,,271,271,0,0,1515.948,0,0,0,0,0,0,0,0,0,693.9586,0,637.1336,1130.644,770.2305,5917.967,1061.981,4689.145,4664.252
,0,272,8,1475.994,10.47817,0.8435065,,272,272,0,0,1475.994,0,0,0,0,0,0,0,0,0,8178.201,0,11901.39,12980.34,9321.669,20219.45,9057.862,28505.85,26940.61
,0,273,4,1429.996,10.13535,0.8158396,,273,273,0,0,1429.996,0,0,0,0,0,0,0,0,0,1094.917,0,3690.741,3060.555,0,6184.009,2056.581,9954.178,7857.845
,0,274,5,1474.982,10.25668,0.845944,,274,274,0,0,1474.982,0,0,0,0,0,0,0,0,0,1071.74,0,782.8438,6456.512,4107.656,10776.41,4702.418,15378.79,11448.18
,0,275,8,1432.011,10.40347,0.8493236,,275,275,0,0,1432.011,0,0,0,0,0,0,0,0,0,6107.066,0,9488.624,20462.38,13485.18,20139.73,11011.74,29935.57,25358.46
,0,276,8,1449.979,10.37401,0.839241,,276,276,0,0,1449.979,0,0,0,0,0,0,0,0,943.0276,24822.36,0,30732.35,35523.69,25808.24,62991.01,32326.87,74696.6,57127.18
,0,277,4,1417.002,10.44999,0.8409233,,277,277,0,0,1417.002,0,0,0,0,0,0,0,0,0,1355.715,0,2197.5,9148.636,3560.734,4445.719,1049.065,10285.58,7467.98
,0,278,1,1543.977,10.47356,0.7545957,,278,278,0,0,1543.977,0,0,0,0,0,0,0,0,0,0,0,940.7661,952.8083,0,4586.928,978.5706,4131.016,4030.755
,0,279,5,1406.006,10.55818,0.8298993,,279,279,0,0,1406.006,0,0,0,0,0,0,0,0,0,4327.503,0,3436.144,5782.697,2249.492,11579.77,5604.414,8319.573,8350.19
,0,280,5,1403.99,10.58025,0.849076,,280,280,0,0,1403.99,0,0,0,0,0,0,0,0,740.5108,10317.02,0,10922.37,11323.95,9814.525,37333.14,18383.98,23006.69,19888.04
,0,281,5,1506.041,10.7007,0.8495897,,281,281,0,0,1506.041,0,0,0,0,0,0,0,0,0,4971.578,0,893.8287,7354.945,6252.242,13562.69,9673.77,20887.65,20881.68
,0,282,2,1546.998,10.74837,0.8324486,,282,282,0,0,1546.998,0,0,0,0,0,0,0,0,0,0,0,736.6113,0,0,2252.453,0,4167.724,5751.276
,0,283,4,1484.053,10.96033,0.8397196,,283,283,0,0,1484.053,0,0,0,0,0,0,0,0,0,5579.012,0,1095.898,4790.424,1764.07,13619.63,8868.71,22565,23625.76
,0,284,9,870.6245,8.063817,0.8558516,,284,284,0,0,870.6245,1129.088,0,0,0,0,0,2367.864,0,6818.485,272403.3,0,257096.2,297593,259587.8,528586.8,431364,827972.5,631771.9
,0,285,4,1509.062,10.96033,0.8494819,,285,285,0,0,1509.062,0,0,0,0,0,0,0,0,0,4979.723,0,4629.416,933.191,3297.501,15856.84,9311.488,23846.16,18383.05
,0,286,3,1460.049,10.97315,0.8490769,,286,286,0,0,1460.049,0,0,0,0,0,0,0,0,0,4233.54,0,4411.375,4154.333,3730.302,14221.35,7643.909,12399.96,13814.87
,0,287,3,1508.057,10.95609,0.8500536,,287,287,0,0,1508.057,0,0,670.4035,0,0,0,0,0,0,5526.027,0,6246.471,3560.063,4031.841,11676.9,11826.33,24697.33,22472.61
,0,288,4,1484.055,10.97767,0.846433,,288,288,0,0,1484.055,0,0,0,0,0,0,0,0,0,5579.012,0,2317.35,4790.424,1764.07,13619.63,6563.384,22565,23625.76
,0,289,8,863.6912,11.10989,0.8508699,,289,289,0,0,863.6912,0,0,0,0,0,0,0,0,0,15351.7,0,15785.62,22125.51,22010.15,58016.99,43295.75,75929.69,67031.69
,0,290,2,699.4993,10.96417,0.8388706,,290,290,0,0,699.4993,0,0,0,0,0,0,0,0,548.8135,5236.648,0,2934.145,1332.557,1488.736,16288.17,11303.72,11614.68,12922.86
,0,291,9,872.6402,8.4324,0.8560167,,291,291,0,0,872.6402,787.8565,0,0,0,0,0,883.0379,0,6872.784,131500.7,0,130475.6,265852.6,207240.9,699651.1,469293.5,907732,801867.8
,0,292,10,812.5446,7.808255,0.8517228,,292,292,0,0,812.5446,0,0,0,0,0,0,15524.04,0,34243.53,637002.5,1495.614,738338.2,463437.2,467546.5,1002496,783455.3,723971.8,534122.7
,0,293,6,1114.916,12.0506,0.8486533,,293,293,0,0,1114.916,0,0,0,0,0,0,0,0,0,1749.894,0,1688.097,8981.051,5299.992,7130.037,10956.7,16947.06,15146.47
,0,294,0,1086.888,11.7612,0.1302086,,294,294,0,0,1086.888,0,0,0,0,0,0,0,0,0,0,0,0,0,0,0,1100.553,2527.267,0
